id;last_name;first_name;taxpayer_id;address;city
1;Almaráz;Diana;web-readiness Guapo generating;input compress;Luiston
2;Farías;Nicolás;card fritas;Mejorado Avanzado Región;Murcia Norma
3;Limón;Ricardo;Cuentas initiatives transmitter;matrix digital cliente;Benidorm Juana
4;Alicea;Esteban;Ringgit payment Rojo;Blanco Central indexing;Lauraborough
5;Garibay;José María;uniforme Azul Soluciones;Seguridada;Lakewood
6;Ojeda;Hugo;Buckinghamshire;pixel;Garicaborough
7;Naranjo;Gustavo;Haiti;Queso withdrawal auxiliary;Raleigh
8;Lozada;Rosario;deposit;transmitter Coche;Montoyachester
9;Anguiano;Santiago;Plástico cultivate;Violeta Bedfordshire;Lermashire
10;Nevárez;Mercedes;Director;Cine Chalet payment;Camposview
